title,,tmdb_id,type,year,match_title
A Man Called Otto,,937278,movie,2022,A Man Called Otto
A Silent Voice,,378064,movie,2016,A Silent Voice: The Movie
Alien Romulus,,945961,movie,2024,Alien: Romulus
Arthur the King,,618588,movie,2024,Arthur the King
Beacon 23,,112388,tv,2023,Beacon 23
Big Trouble in Little China,,6978,movie,1986,Big Trouble in Little China
Bookie,,221486,tv,2023,Bookie
Brilliant Minds,,237748,tv,2024,Brilliant Minds
Cellar Door,,1361292,movie,2024,Cellar Door
Champions,,933419,movie,2023,Champions
Chaos Walking,,412656,movie,2021,Chaos Walking
Chronicle,,76726,movie,2012,Chronicle
Code Geass - Lelouch of the re surrection,,553837,movie,2019,Code Geass: Lelouch of the Re;Surrection
Code Geass Lelouch of the Re;Surrection,,553837,movie,2019,Code Geass: Lelouch of the Re;Surrection
Dark Matter,,196322,tv,2024,Dark Matter
Davey & Jonesie's Locker,,246680,tv,2024,Davey & Jonesie's Locker
Deadpool & Wolverine,,533535,movie,2024,Deadpool & Wolverine
Dune,,438631,movie,2021,Dune
Everything Everywhere All at Once,,545611,movie,2022,Everything Everywhere All at Once
Falling Down,,37094,movie,1993,Falling Down
Fantastic Beasts and Where to Find Them,,259316,movie,2016,Fantastic Beasts and Where to Find Them
Fate+Stay Night Heaven's Feel I. Presage Flower,,283984,movie,2017,Fate/stay night: Heaven's Feel I. Presage Flower
Fate+stay night Heaven's Feel III. Spring Song,,390635,movie,2020,Fate/stay night: Heaven's Feel III. Spring Song
Finch,,522402,movie,2021,Finch
Fireworks,,995651,movie,2022,Fireworks
Fly Me to the Moon,,956842,movie,2024,Fly Me to the Moon
Ghost in the shell - Innocence,,12140,movie,2004,Ghost in the Shell 2: Innocence
Greedy People,,974250,movie,2024,Greedy People
Harry Potter and the Half-Blood Prince,,767,movie,2009,Harry Potter and the Half-Blood Prince
Hesher,,44835,movie,2010,Hesher
House of Spoils,,1014661,movie,2024,House of Spoils
House of the Dragon,,94997,tv,2022,House of the Dragon
Hysteria!,,224361,tv,2024,Hysteria!
I Want to Eat Your Pancreas,,504253,movie,2018,I Want to Eat Your Pancreas
Imperium,,374617,movie,2016,Imperium
Industry,,257081,tv,2024,Industry
Infinite,,581726,movie,2021,Infinite
Is It Wrong to Try to Pick Up Girls in a Dungeon! Arrow of the Orion,,553835,movie,2019,Is It Wrong to Try to Pick Up Girls in a Dungeon?: Arrow of the Orion
It Ends With Us,,1079091,movie,2024,It Ends With Us
Jackpot!,,1094138,movie,2024,Jackpot!
Jin Roh,,823,movie,1999,Jin-Roh: The Wolf Brigade
Land of Bad,,969492,movie,2024,Land of Bad
Last Night in Soho,,576845,movie,2021,Last Night in Soho
Lazareth,,1123278,movie,2024,Lazareth
Lioness,,113962,tv,2023,Lioness
Medieval,,551271,movie,2022,Medieval
Metropolis 2001 1080p,,,,,
Moonhaven,,125398,tv,2022,Moonhaven
Mothers' Instinct,,758679,movie,2024,Mothers' Instinct
Mr Inbetween,,81358,tv,2018,Mr Inbetween
"Night Is Short, Walk On Girl",,430214,movie,2017,"Night Is Short, Walk On Girl"
Ordinary Angels,,974036,movie,2024,Ordinary Angels
Outer Range,,113985,tv,2022,Outer Range
Overboard,,454619,movie,2018,Overboard
Percy Jackson and the Olympians,,103540,tv,2023,Percy Jackson and the Olympians
Raymond & Ray,,2140,tv,1996,Everybody Loves Raymond
River Wild,,1000475,movie,2023,River Wild
Running on Empty,,988512,movie,2024,Running on Empty
See How They Run,,766475,movie,2022,See How They Run
Silo,,125988,tv,2023,Silo
Simulant,,942199,movie,2023,Simulant
Sirens,,60766,tv,2014,Sirens
Slingshot,,916728,movie,2024,Slingshot
Stockholm Bloodbath,,1051486,movie,2024,Stockholm Bloodbath
Sweet Dreams,,92302,tv,2019,Sweet Dreams
Sweetpea,,218347,tv,2024,Sweetpea
Tell Me Lies,,130464,tv,2022,Tell Me Lies
Tetris,,726759,movie,2023,Tetris
The Apprentice,,1182047,movie,2024,The Apprentice
The Big Door Prize,,194704,tv,2023,The Big Door Prize
The Boy and the Heron,,508883,movie,2023,The Boy and the Heron
The Fall Guy,,746036,movie,2024,The Fall Guy
The Last Duel,,617653,movie,2021,The Last Duel
The Outfit,,799876,movie,2022,The Outfit
The Pagemaster,,15139,movie,1994,The Pagemaster
The Passenger,,957314,movie,2023,The Passenger
The Regime,,206829,tv,2024,The Regime
The Serpent Queen,,118189,tv,2022,The Serpent Queen
Tokyo Vice,,90296,tv,2022,Tokyo Vice
Transformers Rise of the Beasts,,667538,movie,2023,Transformers: Rise of the Beasts
Under the Bridge,,211358,tv,2024,Under the Bridge
Under the Silver Lake,,396461,movie,2018,Under the Silver Lake
Up,,14160,movie,2009,Up
Wolfs,,877817,movie,2024,Wolfs
World on a Wire,,86449,tv,1973,World on a Wire
You Can't Run Forever,,879412,movie,2024,You Can't Run Forever
ted,,201834,tv,2024,ted
